City_ID,City,Country,Date,Lat,Lng,Max Temp,Humidity,Cloudiness,Wind Speed
0,Vaini,TO,2021-07-17 03:50:42,-21.2,-175.2,78.96,89,40,8.05
1,Dikson,RU,2021-07-17 03:50:43,73.5069,80.5464,34.29,89,94,9.8
2,Avarua,CK,2021-07-17 03:50:43,-21.2078,-159.775,73.45,88,75,8.05
3,Karpathos,GR,2021-07-17 03:50:43,35.507,27.2132,76.95,81,0,8.57
4,Tasiilaq,GL,2021-07-17 03:50:44,65.6145,-37.6368,37.74,75,0,8.05
5,Punta Arenas,CL,2021-07-17 03:46:23,-53.15,-70.9167,33.91,93,20,11.5
6,Tripoli,LY,2021-07-17 03:50:40,32.8752,13.1875,76.35,67,0,6.93
7,Rikitea,PF,2021-07-17 03:50:44,-23.1203,-134.9692,72.73,68,1,7.16
8,Tigzirt,DZ,2021-07-17 03:50:44,36.8886,4.1198,71.1,56,0,7.25
9,Bredasdorp,ZA,2021-07-17 03:50:45,-34.5322,20.0403,43.92,81,1,6.91
10,Egvekinot,RU,2021-07-17 03:50:45,66.3167,-179.1667,41.99,98,100,6.31
11,Atuona,PF,2021-07-17 03:50:46,-9.8,-139.0333,77.58,71,5,20.11
12,Khatanga,RU,2021-07-17 03:50:46,71.9667,102.5,53.4,45,6,7.52
13,Pisco,PE,2021-07-17 03:50:46,-13.7,-76.2167,59.05,88,4,3.44
14,Souillac,MU,2021-07-17 03:50:47,-20.5167,57.5167,72.36,68,40,14.97
15,East London,ZA,2021-07-17 03:50:47,-33.0153,27.9116,50.94,32,0,3.44
16,Pedasi,PA,2021-07-17 03:50:47,7.5333,-80.0333,80.58,79,100,13.49
17,Malakal,SS,2021-07-17 03:50:48,9.5334,31.6605,72.5,87,99,2.71
18,Port Elizabeth,ZA,2021-07-17 03:50:48,-33.918,25.5701,50.29,40,0,2.3
19,Mehamn,NO,2021-07-17 03:50:48,71.0357,27.8492,52.7,76,96,22.64
20,Ushuaia,AR,2021-07-17 03:46:35,-54.8,-68.3,29.86,80,20,5.75
21,Qaqortoq,GL,2021-07-17 03:50:49,60.7167,-46.0333,47.48,72,100,3.74
22,Bluff,NZ,2021-07-17 03:50:49,-46.6,168.3333,48.79,91,97,3.49
23,Port Alfred,ZA,2021-07-17 03:50:49,-33.5906,26.891,56.62,30,0,11.23
24,Butaritari,KI,2021-07-17 03:50:49,3.0707,172.7902,83.91,76,100,21.12
25,Wanaka,NZ,2021-07-17 03:50:50,-44.7,169.15,43.11,99,97,1.01
26,Nome,US,2021-07-17 03:50:50,64.5011,-165.4064,50.07,87,90,12.66
27,Tiksi,RU,2021-07-17 03:50:51,71.6872,128.8694,41.81,71,42,20.13
28,Anaco,VE,2021-07-17 03:50:51,9.4389,-64.4728,74.68,82,97,10.78
29,Chuy,UY,2021-07-17 03:50:51,-33.6971,-53.4616,46.58,93,56,6.69
30,Lazaro Cardenas,MX,2021-07-17 03:50:51,17.9583,-102.2,78.84,89,86,6.62
31,Arsk,RU,2021-07-17 03:50:52,56.0915,49.8778,71.38,82,24,4.25
32,Pitimbu,BR,2021-07-17 03:50:52,-7.4706,-34.8086,73.99,89,8,8.66
33,Sitka,US,2021-07-17 03:46:59,57.0531,-135.33,58.89,82,90,5.75
34,Okha,RU,2021-07-17 03:50:53,53.5739,142.9478,74.16,68,11,14.23
35,Albany,US,2021-07-17 03:49:42,42.6001,-73.9662,72.81,81,100,4.21
36,Cape Town,ZA,2021-07-17 03:46:04,-33.9258,18.4232,55.11,93,40,2.3
37,Sao Jose Dos Pinhais,BR,2021-07-17 03:50:54,-25.5347,-49.2064,55.36,94,90,6.91
38,Mazatlan,MX,2021-07-17 03:50:54,23.2167,-106.4167,85.01,89,73,2.19
39,Komsomolskiy,UZ,2021-07-17 03:50:54,40.4272,71.7189,72.32,64,50,4.61
40,Mataura,NZ,2021-07-17 03:50:55,-46.1927,168.8643,48.47,91,54,0.45
41,Mitu,CO,2021-07-17 03:50:55,1.1983,-70.1733,71.38,99,96,2.17
42,Puerto Ayora,EC,2021-07-17 03:50:55,-0.7393,-90.3518,70.56,95,91,1.99
43,Tuatapere,NZ,2021-07-17 03:50:56,-46.1333,167.6833,48.81,95,100,1.21
44,Kahului,US,2021-07-17 03:46:01,20.8947,-156.47,84.22,70,20,21.85
45,Ostrovnoy,RU,2021-07-17 03:50:56,68.0531,39.5131,57.52,71,36,7.14
46,La Spezia,IT,2021-07-17 03:50:56,44.1105,9.8434,71.85,67,45,7.94
47,Joigny,FR,2021-07-17 03:50:57,47.9829,3.401,60.82,97,6,5.03
48,Arraial Do Cabo,BR,2021-07-17 03:50:57,-22.9661,-42.0278,71.2,85,100,6.35
49,Flagstaff,US,2021-07-17 03:50:57,35.1981,-111.6513,65.44,73,20,8.01
50,Guerrero Negro,MX,2021-07-17 03:50:58,27.9769,-114.0611,68.41,84,0,14.7
51,Sao Joao Da Barra,BR,2021-07-17 03:50:58,-21.6403,-41.0511,68.83,95,98,8.28
52,Hobart,AU,2021-07-17 03:50:05,-42.8794,147.3294,55.26,75,40,1.01
53,Galle,LK,2021-07-17 03:47:35,6.0367,80.217,82.54,75,77,14.94
54,Orlik,RU,2021-07-17 03:50:58,52.5178,99.825,74.34,45,94,4.68
55,Grand Gaube,MU,2021-07-17 03:50:59,-20.0064,57.6608,72.37,68,17,5.99
56,Hermanus,ZA,2021-07-17 03:46:29,-34.4187,19.2345,54.9,61,0,6.69
57,Makakilo City,US,2021-07-17 03:50:59,21.3469,-158.0858,86.32,55,1,11.5
58,Georgetown,MY,2021-07-17 03:50:22,5.4112,100.3354,87.73,78,20,3.0
59,New Norfolk,AU,2021-07-17 03:51:00,-42.7826,147.0587,54.91,54,85,6.38
60,Fairbanks,US,2021-07-17 03:50:01,64.8378,-147.7164,81.01,43,20,3.0
61,Tuktoyaktuk,CA,2021-07-17 03:51:00,69.4541,-133.0374,55.4,71,75,6.91
62,Nanortalik,GL,2021-07-17 03:51:00,60.1432,-45.2371,48.76,72,100,1.5
63,Bengkulu,ID,2021-07-17 03:51:01,-3.8004,102.2655,83.98,66,10,4.88
64,Bambous Virieux,MU,2021-07-17 03:51:01,-20.3428,57.7575,72.21,68,40,14.97
65,Thinadhoo,MV,2021-07-17 03:51:01,0.5333,72.9333,83.1,73,11,9.24
66,Qaanaaq,GL,2021-07-17 03:51:02,77.484,-69.3632,34.95,89,94,7.99
67,Saldanha,ZA,2021-07-17 03:51:02,-33.0117,17.9442,41.05,73,0,6.2
68,Codrington,AU,2021-07-17 03:51:03,-38.2667,141.9667,54.09,80,78,25.17
69,Kolpashevo,RU,2021-07-17 03:51:03,58.3131,82.9089,64.08,65,84,7.83
70,Yellowknife,CA,2021-07-17 03:51:03,62.456,-114.3525,52.32,54,75,6.91
71,Bathsheba,BB,2021-07-17 03:51:03,13.2167,-59.5167,79.41,83,40,12.66
72,Portland,US,2021-07-17 03:46:41,45.5234,-122.6762,73.98,64,20,1.99
73,Catamarca,AR,2021-07-17 03:51:04,-28.4696,-65.7852,56.77,58,0,4.09
74,Victoria,HK,2021-07-17 03:50:35,22.2855,114.1577,88.97,80,100,3.0
75,Busselton,AU,2021-07-17 03:51:04,-33.65,115.3333,60.04,64,38,5.44
76,Bethel,US,2021-07-17 03:51:05,41.3712,-73.414,77.92,89,1,3.44
77,Korem,ET,2021-07-17 03:51:05,12.5058,39.5228,57.36,74,100,9.82
78,Kapaa,US,2021-07-17 03:51:05,22.0752,-159.319,82.72,71,90,1.99
79,Huilong,CN,2021-07-17 03:51:05,31.8111,121.655,90.99,79,100,15.59
80,Narsaq,GL,2021-07-17 03:51:06,60.9167,-46.05,48.09,73,100,2.3
81,Barrow,US,2021-07-17 03:49:04,71.2906,-156.7887,42.82,81,90,18.41
82,Rodez,FR,2021-07-17 03:51:06,44.5,2.5833,58.68,88,0,8.05
83,Isangel,VU,2021-07-17 03:51:06,-19.55,169.2667,84.31,70,75,6.91
84,Hilo,US,2021-07-17 03:51:07,19.7297,-155.09,80.33,74,75,10.36
85,Peniche,PT,2021-07-17 03:51:07,39.3558,-9.3811,76.48,94,0,3.76
86,Bubaque,GW,2021-07-17 03:51:07,11.2833,-15.8333,80.15,81,100,9.8
87,Hamilton,US,2021-07-17 03:50:59,39.1834,-84.5333,73.09,95,20,1.99
88,Jenison,US,2021-07-17 03:47:54,42.9072,-85.792,70.05,89,100,5.99
89,Shubarkuduk,KZ,2021-07-17 03:51:08,49.1447,56.4872,82.81,36,19,9.91
90,Oranjemund,NA,2021-07-17 03:51:08,-28.55,16.4333,51.73,77,0,6.62
91,San Patricio,US,2021-07-17 03:51:09,28.017,-97.5169,84.09,83,30,11.97
92,Inta,RU,2021-07-17 03:51:09,66.0317,60.1659,63.21,64,2,4.07
93,Chapais,CA,2021-07-17 03:51:09,49.7834,-74.8492,55.18,76,13,3.18
94,Basco,PH,2021-07-17 03:51:10,20.4487,121.9702,83.97,74,100,8.72
95,Saskylakh,RU,2021-07-17 03:51:10,71.9167,114.0833,52.43,48,8,7.4
96,Lebu,CL,2021-07-17 03:51:10,-37.6167,-73.65,45.43,78,23,8.41
97,Meulaboh,ID,2021-07-17 03:51:11,4.1363,96.1285,83.79,65,64,3.58
98,Teya,RU,2021-07-17 03:51:11,60.3778,92.6267,70.2,40,97,2.17
99,Muscat,OM,2021-07-17 03:48:27,23.6139,58.5922,86.02,74,78,14.43
100,Bulgan,MN,2021-07-17 03:51:11,48.8125,103.5347,71.94,64,1,2.44
101,Saint-Philippe,RE,2021-07-17 03:51:12,-21.3585,55.7679,69.39,86,85,15.28
102,Jumla,NP,2021-07-17 03:51:12,29.2747,82.1838,68.04,84,100,4.25
103,Sambava,MG,2021-07-17 03:51:12,-14.2667,50.1667,68.09,78,45,9.75
104,Ternate,ID,2021-07-17 03:51:13,0.8,127.4,79.39,78,100,12.21
105,Chiredzi,ZW,2021-07-17 03:51:13,-21.05,31.6667,49.57,86,19,2.3
106,Namatanai,PG,2021-07-17 03:51:13,-3.6667,152.4333,84.13,74,100,11.79
107,Beringovskiy,RU,2021-07-17 03:51:14,63.05,179.3167,54.95,72,40,8.12
108,Castro,BR,2021-07-17 03:51:14,-24.7911,-50.0119,54.3,99,100,2.48
109,Mahibadhoo,MV,2021-07-17 03:51:14,3.7833,72.9667,82.53,76,21,10.89
110,Varberg,SE,2021-07-17 03:51:14,57.1056,12.2508,67.24,90,0,7.45
111,Jamestown,US,2021-07-17 03:51:15,42.097,-79.2353,70.92,95,90,1.01
112,Praya,CV,2021-07-17 03:51:15,14.9215,-23.5087,73.94,88,20,8.05
113,Andijon,UZ,2021-07-17 03:51:15,40.7821,72.3442,74.55,99,85,1.5
114,Chabahar,IR,2021-07-17 03:51:16,25.2919,60.643,86.36,78,100,11.74
115,Arona,ES,2021-07-17 03:51:16,28.0996,-16.681,73.31,51,0,2.3
116,Pedernales,DO,2021-07-17 03:51:16,18.0384,-71.744,80.62,67,56,5.77
117,Popondetta,PG,2021-07-17 03:51:17,-8.7537,148.2534,90.1,47,100,5.99
118,Maniitsoq,GL,2021-07-17 03:51:17,65.4167,-52.9,47.62,78,43,6.22
119,Waingapu,ID,2021-07-17 03:51:17,-9.6567,120.2641,84.27,57,95,10.71
120,Vardo,NO,2021-07-17 03:51:18,70.3705,31.1107,52.77,79,88,19.44
121,Newcastle,AU,2021-07-17 03:51:18,-32.9272,151.7765,58.08,69,75,8.99
122,Longyan,CN,2021-07-17 03:51:18,25.1072,117.0225,82.87,81,100,2.66
123,Amapa,BR,2021-07-17 03:51:19,1.0,-52.0,70.21,99,100,1.61
124,Owando,CG,2021-07-17 03:51:19,-0.4819,15.8999,72.68,60,71,3.53
125,Domoni,KM,2021-07-17 03:51:19,-12.2569,44.5319,75.69,73,37,11.97
126,Lorengau,PG,2021-07-17 03:51:19,-2.0226,147.2712,84.54,79,95,11.81
127,Piacabucu,BR,2021-07-17 03:51:20,-10.4056,-36.4344,72.79,87,14,6.17
128,Hualmay,PE,2021-07-17 03:51:20,-11.0964,-77.6139,62.96,84,27,7.02
129,Namibe,AO,2021-07-17 03:51:21,-15.1961,12.1522,67.53,61,0,7.07
130,Port Pirie,AU,2021-07-17 03:51:21,-33.1833,138.0167,59.09,59,22,18.61
131,Itaqui,BR,2021-07-17 03:51:21,-29.1253,-56.5531,51.08,84,0,0.87
132,Iqaluit,CA,2021-07-17 03:51:21,63.7506,-68.5145,60.53,63,75,8.01
133,Hithadhoo,MV,2021-07-17 03:51:22,-0.6,73.0833,82.54,74,90,7.52
134,Roma,US,2021-07-17 03:51:22,43.2128,-75.4557,69.84,90,1,0.0
135,Pevek,RU,2021-07-17 03:51:22,69.7008,170.3133,43.16,77,10,5.55
136,Upernavik,GL,2021-07-17 03:51:23,72.7868,-56.1549,38.19,95,100,2.13
137,Ust-Kuyga,RU,2021-07-17 03:51:23,70.0167,135.6,51.13,91,100,15.01
138,Krasnoyarskiy,RU,2021-07-17 03:51:23,51.965,59.8967,70.68,57,100,14.43
139,Te Anau,NZ,2021-07-17 03:51:24,-45.4167,167.7167,49.26,92,90,2.71
140,Cherskiy,RU,2021-07-17 03:51:24,68.75,161.3,67.82,32,87,9.46
141,Poum,NC,2021-07-17 03:51:24,-20.2333,164.0167,75.2,85,1,9.01
142,Dubbo,AU,2021-07-17 03:51:25,-32.25,148.6167,51.93,54,40,24.16
143,Palora,EC,2021-07-17 03:51:25,-1.7,-77.9333,63.55,99,45,2.68
144,Antofagasta,CL,2021-07-17 03:49:49,-23.65,-70.4,54.68,79,72,4.65
145,Hervey Bay,AU,2021-07-17 03:51:25,-25.2986,152.8535,72.01,36,27,5.99
146,Ulladulla,AU,2021-07-17 03:51:26,-35.35,150.4667,56.88,52,88,18.41
147,Guiratinga,BR,2021-07-17 03:51:26,-16.3494,-53.7583,67.87,37,0,3.24
148,Guarulhos,BR,2021-07-17 03:51:26,-23.4628,-46.5333,64.35,94,90,5.75
149,Kieta,PG,2021-07-17 03:51:27,-6.2167,155.6333,86.85,68,100,9.17
150,Mar Del Plata,AR,2021-07-17 03:51:27,-38.0023,-57.5575,50.0,66,0,8.01
151,Ucluelet,CA,2021-07-17 03:51:10,48.9329,-125.5528,62.1,93,89,5.73
152,Sile,TR,2021-07-17 03:51:27,41.1754,29.6133,74.07,79,3,7.07
153,Nsanje,MW,2021-07-17 03:51:28,-16.92,35.262,55.87,93,11,1.99
154,Bilma,NE,2021-07-17 03:51:28,18.6853,12.9164,89.2,31,66,2.62
155,Kortkeros,RU,2021-07-17 03:51:28,61.8106,51.5806,68.0,61,71,2.59
156,Alice Springs,AU,2021-07-17 03:50:42,-23.7,133.8833,62.15,36,5,9.22
157,Bembereke,BJ,2021-07-17 03:51:29,10.2283,2.6634,70.66,93,98,6.93
158,Norman Wells,CA,2021-07-17 03:51:29,65.282,-126.8329,68.04,30,20,6.91
159,Kavieng,PG,2021-07-17 03:51:29,-2.5744,150.7967,84.72,73,74,9.01
160,Marawi,PH,2021-07-17 03:51:30,7.9986,124.2928,81.43,63,100,3.8
161,Ornskoldsvik,SE,2021-07-17 03:51:30,63.2909,18.7153,58.15,82,75,4.61
162,Saint George,US,2021-07-17 03:51:30,37.1041,-113.5841,93.63,35,1,1.99
163,Areia Branca,BR,2021-07-17 03:51:30,-4.9561,-37.1369,75.45,83,27,11.9
164,Ribeira Grande,PT,2021-07-17 03:51:31,38.5167,-28.7,66.49,67,20,8.81
165,Porto Novo,BJ,2021-07-17 03:51:31,6.4965,2.6036,76.82,94,100,7.11
166,Arlit,NE,2021-07-17 03:51:31,18.7369,7.3853,95.0,12,71,13.35
167,Suntar,RU,2021-07-17 03:51:32,62.1444,117.6319,84.52,35,66,7.63
168,Mlonggo,ID,2021-07-17 03:51:32,-6.5333,110.7,87.69,54,95,4.63
169,Deputatskiy,RU,2021-07-17 03:51:32,69.3,139.9,52.65,75,100,13.42
170,Troy,US,2021-07-17 03:51:33,42.6056,-83.1499,68.56,95,100,1.99
171,Koygorodok,RU,2021-07-17 03:51:33,60.445,50.9968,67.8,67,56,3.02
172,Hasaki,JP,2021-07-17 03:51:33,35.7333,140.8333,90.28,72,6,9.33
173,Dali,CN,2021-07-17 03:51:33,25.7,100.1833,70.66,75,94,3.76
174,Walvis Bay,NA,2021-07-17 03:51:34,-22.9575,14.5053,72.55,15,0,18.41
175,Katsuura,JP,2021-07-17 03:51:34,35.1333,140.3,86.14,72,7,6.76
176,Vila Franca Do Campo,PT,2021-07-17 03:51:35,37.7167,-25.4333,66.61,82,46,7.56
177,Lucapa,AO,2021-07-17 03:51:35,-8.4192,20.7447,60.94,39,63,4.14
178,Chokurdakh,RU,2021-07-17 03:51:35,70.6333,147.9167,70.32,32,90,15.3
179,Katangli,RU,2021-07-17 03:51:36,51.7102,143.2326,83.89,54,27,18.05
180,Hambantota,LK,2021-07-17 03:51:36,6.1241,81.1185,84.54,79,20,8.05
181,Ifakara,TZ,2021-07-17 03:51:36,-8.1333,36.6833,64.8,57,67,1.9
182,Alta Floresta,BR,2021-07-17 03:51:36,-9.8756,-56.0861,71.13,51,11,2.44
183,West Bend,US,2021-07-17 03:51:37,43.4253,-88.1834,66.42,83,75,0.0
184,Konevo,RU,2021-07-17 03:51:37,62.1215,39.3192,62.94,92,17,4.07
185,Waddan,LY,2021-07-17 03:51:37,29.1614,16.139,80.17,44,0,4.43
186,Nikolskoye,RU,2021-07-17 03:51:38,59.7035,30.7861,71.49,53,0,4.14
187,Natal,BR,2021-07-17 03:49:48,-5.795,-35.2094,75.42,83,20,6.91
188,Jodhpur,IN,2021-07-17 03:51:38,26.2867,73.03,92.97,53,96,10.83
189,Nanakuli,US,2021-07-17 03:51:38,21.3906,-158.1547,87.75,53,1,11.5
190,Prince Rupert,CA,2021-07-17 03:49:56,54.3161,-130.3201,57.29,80,90,4.61
191,Nahariyya,IL,2021-07-17 03:51:39,33.0059,35.0941,76.98,90,0,5.17
192,Tshikapa,CD,2021-07-17 03:51:39,-6.4167,20.8,66.56,38,100,2.62
193,Longyearbyen,SJ,2021-07-17 03:51:40,78.2186,15.6401,48.04,81,75,3.44
194,Dzialdowo,PL,2021-07-17 03:51:40,53.2396,20.17,64.17,97,53,4.45
195,Nerchinskiy Zavod,RU,2021-07-17 03:51:40,51.3088,119.61,76.93,58,99,3.06
196,Qui Nhon,VN,2021-07-17 03:51:40,13.7667,109.2333,88.84,59,61,5.59
197,Chipinge,ZW,2021-07-17 03:51:41,-20.1883,32.6236,43.36,94,3,1.23
198,San Antonio,US,2021-07-17 03:48:29,29.4241,-98.4936,84.07,77,1,12.66
199,Santa Fe,AR,2021-07-17 03:51:41,-31.6333,-60.7,50.0,96,0,1.99
200,Two Hills,CA,2021-07-17 03:51:41,53.7169,-111.7518,66.69,55,3,12.66
201,Sinnamary,GF,2021-07-17 03:51:42,5.3833,-52.95,76.35,87,99,3.85
202,Lyambir,RU,2021-07-17 03:51:42,54.2817,45.1249,71.06,79,3,5.06
203,Klaksvik,FO,2021-07-17 03:51:42,62.2266,-6.589,52.72,87,96,23.42
204,Santiago Del Estero,AR,2021-07-17 03:47:03,-27.7951,-64.2615,55.67,58,0,7.49
205,Santa Isabel Do Rio Negro,BR,2021-07-17 03:51:43,-0.4139,-65.0192,71.76,99,47,3.11
206,Saint-Pierre,RE,2021-07-17 03:51:43,-21.3393,55.4781,69.48,86,75,21.85
207,Baykit,RU,2021-07-17 03:51:43,61.67,96.37,72.97,45,92,2.39
208,Luderitz,NA,2021-07-17 03:51:44,-26.6481,15.1594,58.17,35,0,8.16
209,Leningradskiy,RU,2021-07-17 03:51:44,69.3833,178.4167,39.42,87,98,2.95
210,Cidreira,BR,2021-07-17 03:51:44,-30.1811,-50.2056,56.71,83,8,13.42
211,Galesong,ID,2021-07-17 03:51:45,-5.3166,119.3661,80.62,89,100,2.57
212,Izumo,JP,2021-07-17 03:51:45,35.3667,132.7667,87.69,55,75,6.91
213,Vilhena,BR,2021-07-17 03:51:45,-12.7406,-60.1458,67.93,50,0,1.59
214,Iquique,CL,2021-07-17 03:51:45,-20.2208,-70.1431,59.04,79,50,3.47
215,Provideniya,RU,2021-07-17 03:51:46,64.3833,-173.3,45.72,98,100,10.38
216,Hofn,IS,2021-07-17 03:51:46,64.2539,-15.2082,52.83,69,10,13.33
217,Carnarvon,AU,2021-07-17 03:51:46,-24.8667,113.6333,64.47,55,100,12.66
218,Zyryanka,RU,2021-07-17 03:51:47,65.75,150.85,73.08,51,46,2.08
219,Mufulira,ZM,2021-07-17 03:51:47,-12.5498,28.2407,49.55,96,37,4.32
220,Vestmannaeyjar,IS,2021-07-17 03:51:47,63.4427,-20.2734,49.93,87,58,15.01
221,North Bend,US,2021-07-17 03:51:48,43.4065,-124.2243,58.86,82,29,3.78
222,Ilmajoki,FI,2021-07-17 03:51:48,62.7333,22.5667,60.22,73,0,0.0
223,Izhma,RU,2021-07-17 03:51:48,65.0083,53.9113,60.12,68,97,0.85
224,Balkhash,KZ,2021-07-17 03:51:49,46.844,74.9804,75.81,57,39,11.18
225,Kande,TG,2021-07-17 03:51:49,9.9578,1.0447,73.74,92,100,1.54
226,Kaitangata,NZ,2021-07-17 03:51:49,-46.2817,169.8464,50.63,88,67,2.46
227,Pitanga,BR,2021-07-17 03:51:49,-24.7572,-51.7614,55.42,100,100,2.19
228,Haines Junction,CA,2021-07-17 03:51:50,60.7522,-137.5108,67.95,24,8,3.44
229,Batemans Bay,AU,2021-07-17 03:51:50,-35.7167,150.1833,58.91,46,81,13.85
230,Deer Lake,CA,2021-07-17 03:51:50,49.1667,-57.4316,67.86,83,90,8.05
231,Husavik,IS,2021-07-17 03:51:51,66.0449,-17.3389,48.11,92,100,14.54
232,Taoudenni,ML,2021-07-17 03:51:51,22.6783,-3.9836,97.92,21,56,8.5
233,Faya,SA,2021-07-17 03:51:51,18.3851,42.4509,69.91,27,100,11.34
234,Sao Filipe,CV,2021-07-17 03:51:52,14.8961,-24.4956,74.1,84,10,5.82
235,Nyurba,RU,2021-07-17 03:51:52,63.2842,118.3319,82.06,38,78,7.94
236,Waitati,NZ,2021-07-17 03:51:53,-45.75,170.5667,49.8,87,100,3.0
237,Nouadhibou,MR,2021-07-17 03:51:53,20.931,-17.0347,67.98,94,40,10.36
238,Marathon,US,2021-07-17 03:51:53,44.9,-89.7668,67.75,82,1,4.61
239,El Alto,PE,2021-07-17 03:51:53,-4.2714,-81.2147,63.84,85,67,14.0
240,Banda Aceh,ID,2021-07-17 03:51:54,5.5577,95.3222,84.74,65,59,3.65
241,Tabasco,MX,2021-07-17 03:51:54,18.0,-92.6667,75.85,79,100,4.63
242,Kaniama,CD,2021-07-17 03:51:54,-7.5667,24.1833,63.39,46,81,6.04
243,Kirkland Lake,CA,2021-07-17 03:51:55,48.1446,-80.0377,67.03,82,38,4.56
244,Kuytun,RU,2021-07-17 03:51:55,54.3419,101.5036,79.3,48,60,15.77
245,Charters Towers,AU,2021-07-17 03:51:55,-20.1,146.2667,77.38,24,14,12.19
246,Clyde River,CA,2021-07-17 03:51:56,70.4692,-68.5914,43.03,93,75,6.91
247,Yavatmal,IN,2021-07-17 03:51:56,20.4,78.1333,84.31,64,79,4.34
248,Jeremie,HT,2021-07-17 03:51:56,18.65,-74.1167,80.02,77,95,1.34
249,Ancud,CL,2021-07-17 03:51:57,-41.8697,-73.8203,46.22,79,8,7.67
250,Abu Dhabi,AE,2021-07-17 03:51:57,24.4667,54.3667,91.51,62,0,13.8
251,Plettenberg Bay,ZA,2021-07-17 03:51:57,-34.0527,23.3716,52.81,47,0,6.76
252,Saint Paul,US,2021-07-17 03:50:35,44.9444,-93.0933,73.96,71,1,0.0
253,Malindi,KE,2021-07-17 03:51:58,-3.2175,40.1191,76.23,76,72,20.42
254,Buala,SB,2021-07-17 03:51:58,-8.145,159.5921,85.53,71,53,10.89
255,Ponta Delgada,PT,2021-07-17 03:51:59,37.7333,-25.6667,66.92,82,20,11.5
256,Lavrentiya,RU,2021-07-17 03:51:59,65.5833,-171.0,43.99,98,100,10.11
257,Huarmey,PE,2021-07-17 03:51:59,-10.0681,-78.1522,63.82,85,25,7.45
258,Medvedevo,RU,2021-07-17 03:51:59,56.6339,47.804,72.12,66,33,6.55
259,Khani,GE,2021-07-17 03:52:00,41.9563,42.9566,62.17,54,0,4.52
260,The Valley,AI,2021-07-17 03:52:00,18.217,-63.0578,82.09,71,32,20.2
261,Rundu,NA,2021-07-17 03:52:00,-17.9333,19.7667,54.3,76,22,7.34
262,Nalut,LY,2021-07-17 03:52:01,30.3333,10.85,79.88,49,0,11.48
263,Trinidad,BO,2021-07-17 03:52:01,-14.8333,-64.9,69.94,67,0,3.44
264,Eyl,SO,2021-07-17 03:52:01,7.9803,49.8164,78.51,59,39,28.81
265,Simao,CN,2021-07-17 03:52:02,22.7886,100.9748,81.55,55,100,3.44
266,Ajdabiya,LY,2021-07-17 03:52:02,30.7554,20.2263,75.0,89,0,9.26
267,Abnub,EG,2021-07-17 03:52:02,27.2696,31.1511,79.02,26,10,2.13
268,Wuan,CN,2021-07-17 03:52:03,31.6836,112.0044,88.12,68,15,8.77
269,Opuwo,NA,2021-07-17 03:52:03,-18.0607,13.84,56.55,42,0,8.19
270,Sibolga,ID,2021-07-17 03:52:03,1.7427,98.7792,85.12,56,100,3.4
271,Hudson Bay,CA,2021-07-17 03:52:04,52.85,-102.3842,67.91,50,2,6.29
272,Camopi,GF,2021-07-17 03:52:04,3.1655,-52.3158,71.02,99,100,0.92
273,Sabzevar,IR,2021-07-17 03:52:04,36.2126,57.6819,76.28,33,20,13.8
274,Changli,CN,2021-07-17 03:52:05,39.7042,119.1506,79.3,83,97,12.86
275,Chiang Khong,TH,2021-07-17 03:52:05,20.2613,100.4046,84.52,54,34,2.75
276,Ponta Do Sol,PT,2021-07-17 03:52:05,32.6667,-17.1,68.72,84,5,2.71
277,Skjervoy,NO,2021-07-17 03:52:06,70.0311,20.9714,51.28,87,100,14.76
278,Gandajika,CD,2021-07-17 03:52:06,-6.75,23.95,65.25,42,84,4.85
279,Sogne,NO,2021-07-17 03:52:06,58.0833,7.8167,62.46,1,0,12.59
280,Dingle,PH,2021-07-17 03:52:07,10.9995,122.6711,86.65,71,99,12.95
281,Thompson,CA,2021-07-17 03:52:07,55.7435,-97.8558,64.56,59,20,14.97
282,Ruteng,ID,2021-07-17 03:52:07,-8.6136,120.4721,73.78,52,77,0.56
283,Corrales,US,2021-07-17 03:52:07,35.2378,-106.6067,81.57,48,86,3.0
284,Broome,US,2021-07-17 03:52:08,42.2506,-75.833,70.54,84,100,0.65
285,Muros,ES,2021-07-17 03:52:08,42.7762,-9.0603,69.15,83,0,6.15
286,Tazovskiy,RU,2021-07-17 03:52:08,67.4667,78.7,48.96,62,100,9.84
287,San Cristobal,VE,2021-07-17 03:52:09,7.7669,-72.225,64.98,95,48,2.89
288,Pergamino,AR,2021-07-17 03:52:09,-33.89,-60.5736,46.26,64,18,9.15
289,Itaueira,BR,2021-07-17 03:52:09,-7.6033,-43.0256,72.28,48,1,5.5
290,Adrar,MR,2021-07-17 03:52:10,20.5022,-10.0711,85.77,33,30,10.69
291,Mahebourg,MU,2021-07-17 03:52:10,-20.4081,57.7,72.25,68,40,14.97
292,Lima,PE,2021-07-17 03:51:53,-12.0432,-77.0282,61.05,87,90,9.22
293,Maragogi,BR,2021-07-17 03:52:10,-9.0122,-35.2225,71.87,92,21,6.26
294,Kudahuvadhoo,MV,2021-07-17 03:52:11,2.6708,72.8944,83.25,73,51,9.86
295,Porto Santo,PT,2021-07-17 03:52:11,33.072,-16.3415,66.58,82,75,9.22
296,Garowe,SO,2021-07-17 03:52:11,8.4054,48.4845,73.72,60,28,31.74
297,Taormina,IT,2021-07-17 03:52:12,37.8536,15.2885,75.06,72,5,6.33
298,Gat,IL,2021-07-17 03:52:12,31.61,34.7642,76.91,78,0,1.59
299,Esperance,AU,2021-07-17 03:52:12,-33.8667,121.9,57.04,75,100,8.99
300,Bilibino,RU,2021-07-17 03:52:12,68.0546,166.4372,65.19,29,62,5.32
301,Asau,RO,2021-07-17 03:52:13,46.4333,26.4,67.75,72,23,3.18
302,Kuito,AO,2021-07-17 03:52:13,-12.3833,16.9333,49.75,54,7,3.44
303,Los Llanos De Aridane,ES,2021-07-17 03:52:13,28.6585,-17.9182,65.95,83,20,14.97
304,Grootfontein,NA,2021-07-17 03:52:14,-19.5667,18.1167,40.57,87,0,0.0
305,Jackson,US,2021-07-17 03:52:14,42.4165,-122.8345,82.27,28,1,17.27
306,Provost,CA,2021-07-17 03:52:14,52.3501,-110.2683,73.85,69,14,8.52
307,Stilfontein,ZA,2021-07-17 03:52:15,-26.8449,26.7683,38.25,67,0,1.63
308,Idlib,SY,2021-07-17 03:52:15,35.9306,36.6339,77.29,63,0,6.87
309,Honiara,SB,2021-07-17 03:52:15,-9.4333,159.95,87.67,69,24,10.87
310,Nayudupeta,IN,2021-07-17 03:52:16,13.9,79.9,81.48,64,100,8.28
311,Solano,US,2021-07-17 03:52:16,38.2333,-121.9511,77.13,44,1,16.11
312,Ko Samui,TH,2021-07-17 03:52:16,9.5357,99.9357,87.71,70,20,2.3
313,Kargasok,RU,2021-07-17 03:52:16,59.0556,80.8572,54.88,90,99,7.4
314,Torbay,CA,2021-07-17 03:52:17,47.6666,-52.7314,63.68,95,75,5.75
315,Srivardhan,IN,2021-07-17 03:52:17,18.0333,73.0167,81.75,83,95,6.22
316,Port Hardy,CA,2021-07-17 03:52:17,50.6996,-127.4199,57.38,94,75,5.75
317,Kalmunai,LK,2021-07-17 03:52:18,7.4167,81.8167,85.44,68,99,0.38
318,Caravelas,BR,2021-07-17 03:52:18,-17.7125,-39.2481,68.54,92,0,5.03
319,Sobolevo,RU,2021-07-17 03:52:18,54.4299,31.8996,70.92,84,75,3.24
320,Itoman,JP,2021-07-17 03:52:19,26.1247,127.6694,89.98,66,75,8.05
321,Rawlins,US,2021-07-17 03:52:19,41.7911,-107.2387,70.34,30,1,5.75
322,Port Hedland,AU,2021-07-17 03:52:19,-20.3167,118.5667,77.05,16,45,16.11
323,Nebug,RU,2021-07-17 03:52:20,44.1714,39.0036,75.94,63,0,3.02
324,Brownsville,US,2021-07-17 03:51:50,25.9018,-97.4975,82.9,79,1,5.99
325,Govardhan,IN,2021-07-17 03:52:20,27.5,77.4667,99.48,37,73,5.73
326,Mayya,RU,2021-07-17 03:52:21,61.7333,130.2811,79.92,23,3,12.33
327,Salalah,OM,2021-07-17 03:52:21,17.0151,54.0924,78.98,89,52,15.77
328,Moerai,PF,2021-07-17 03:52:21,-22.4333,-151.3333,74.8,74,100,22.48
329,Mackay,AU,2021-07-17 03:52:21,-21.15,149.2,83.05,28,60,10.36
330,Bontang,ID,2021-07-17 03:51:46,0.1333,117.5,80.78,73,100,6.17
331,Harper,LR,2021-07-17 03:52:22,4.375,-7.7169,76.01,82,100,11.43
332,Dabakala,CI,2021-07-17 03:52:22,8.3667,-4.4333,71.51,99,99,4.12
333,Russell,US,2021-07-17 03:52:22,32.3502,-85.1999,78.91,84,20,4.61
334,Darfield,GB,2021-07-17 03:52:23,53.5339,-1.376,64.33,89,0,2.46
335,Shingu,JP,2021-07-17 03:52:23,33.7333,135.9833,85.91,82,60,9.98
336,Soma,TR,2021-07-17 03:52:23,39.1855,27.6094,77.0,62,0,5.17
337,Howard Springs,AU,2021-07-17 03:52:24,-12.497,131.047,91.87,55,69,4.29
338,Yar-Sale,RU,2021-07-17 03:52:24,66.8333,70.8333,55.87,51,91,8.19
339,Alofi,NU,2021-07-17 03:52:24,-19.0595,-169.9187,78.69,83,17,13.8
340,Koumac,NC,2021-07-17 03:52:25,-20.5667,164.2833,79.47,67,2,5.53
341,Taunggyi,MM,2021-07-17 03:52:25,20.7833,97.0333,75.88,70,98,1.61
342,Fortuna,US,2021-07-17 03:50:13,40.5982,-124.1573,58.32,84,13,1.01
343,Bekhteyevka,RU,2021-07-17 03:52:25,50.8072,37.2085,72.5,83,0,6.87
344,Bom Jesus,BR,2021-07-17 03:52:26,-9.0744,-44.3586,67.55,54,7,2.46
345,Talnakh,RU,2021-07-17 03:52:26,69.4865,88.3972,54.12,74,98,2.35
346,Sayansk,RU,2021-07-17 03:52:26,54.1088,102.1648,80.28,45,18,13.49
347,Sur,OM,2021-07-17 03:52:27,22.5667,59.5289,84.54,76,53,15.05
348,Jiuquan,CN,2021-07-17 03:52:27,39.7432,98.5174,92.32,16,0,10.8
349,Mgandu,TZ,2021-07-17 03:52:27,-5.95,34.1333,54.36,59,41,9.55
350,Korla,CN,2021-07-17 03:52:27,41.7597,86.1469,92.88,21,53,7.0
351,Aklavik,CA,2021-07-17 03:52:28,68.2191,-135.0107,66.92,38,97,6.42
352,Kihei,US,2021-07-17 03:52:28,20.785,-156.4656,84.22,71,20,21.85
353,Yarada,IN,2021-07-17 03:52:28,17.65,83.2667,86.32,79,40,2.3
354,Mahajanga,MG,2021-07-17 03:52:29,-15.7167,46.3167,62.62,82,0,4.61
355,Calama,CL,2021-07-17 03:48:09,-22.4667,-68.9333,39.69,19,18,17.27
356,Tome,CL,2021-07-17 03:52:29,-36.6167,-72.95,39.81,78,4,5.35
357,Kruisfontein,ZA,2021-07-17 03:52:30,-34.0033,24.7314,48.02,34,0,7.65
358,Baghdad,IQ,2021-07-17 03:52:30,33.3406,44.4009,84.11,30,0,2.3
359,Uusikaupunki,FI,2021-07-17 03:52:30,60.8004,21.4084,54.12,61,0,2.91
360,Hearst,CA,2021-07-17 03:47:41,49.6835,-83.6665,71.85,50,46,10.51
361,Shurugwi,ZW,2021-07-17 03:52:31,-19.6702,30.0059,41.67,92,20,5.1
362,Aswan,EG,2021-07-17 03:52:31,24.0934,32.907,87.1,20,0,5.75
363,Quatre Cocos,MU,2021-07-17 03:52:31,-20.2078,57.7625,72.09,70,34,17.58
364,The Pas,CA,2021-07-17 03:52:32,53.8251,-101.2541,71.62,60,90,6.91
365,Paamiut,GL,2021-07-17 03:52:32,61.994,-49.6678,45.34,83,92,13.35
366,Sola,VU,2021-07-17 03:52:33,-13.8833,167.55,84.87,79,75,5.75
367,Vasai,IN,2021-07-17 03:52:33,19.47,72.8,84.29,77,87,10.07
368,Winneba,GH,2021-07-17 03:52:33,5.3511,-0.6231,77.47,88,100,12.91
369,Emporia,US,2021-07-17 03:47:39,38.4039,-96.1817,75.4,94,1,5.75
370,Agadez,NE,2021-07-17 03:52:34,19.75,10.25,86.36,15,59,11.81
371,Puerto Ayacucho,VE,2021-07-17 03:52:34,5.6639,-67.6236,73.4,95,100,2.15
372,Ahipara,NZ,2021-07-17 03:52:34,-35.1667,173.1667,60.94,86,100,17.38
373,Kampot,KH,2021-07-17 03:52:34,10.6167,104.1833,86.05,64,79,7.92
374,Flin Flon,CA,2021-07-17 03:52:35,54.7682,-101.865,59.79,52,32,13.49
375,Roebourne,AU,2021-07-17 03:52:35,-20.7833,117.1333,75.04,20,67,16.98
376,Airai,TL,2021-07-17 03:52:35,-8.9266,125.4092,76.17,31,65,3.06
377,Tessalit,ML,2021-07-17 03:52:36,20.1986,1.0114,89.89,12,29,7.78
378,Hobyo,SO,2021-07-17 03:52:36,5.3505,48.5268,77.65,76,98,27.11
379,Oktyabrskiy,RU,2021-07-17 03:52:36,54.4815,53.471,70.29,75,1,4.0
380,Erenhot,CN,2021-07-17 03:52:37,43.6475,111.9767,89.42,31,31,13.02
381,Novikovo,RU,2021-07-17 03:52:37,51.1537,37.8879,71.42,80,4,5.79
382,Margate,GB,2021-07-17 03:52:37,51.3813,1.3862,61.7,81,0,4.0
383,De Aar,ZA,2021-07-17 03:52:37,-30.6497,24.0123,36.09,70,0,1.83
384,Tautira,PF,2021-07-17 03:52:38,-17.7333,-149.15,82.42,72,75,22.03
385,Kon Tum,VN,2021-07-17 03:52:38,14.35,108.0,83.61,68,92,2.57
386,Liverpool,GB,2021-07-17 03:52:38,53.4106,-2.9779,61.83,78,0,4.43
387,Karratha,AU,2021-07-17 03:52:39,-20.7377,116.8463,75.13,20,61,17.58
388,Mazagao,BR,2021-07-17 03:52:39,-0.115,-51.2894,80.65,96,92,5.28
389,Penarroya-Pueblonuevo,ES,2021-07-17 03:52:39,38.3,-5.2667,72.45,37,0,2.73
390,Tabas,IR,2021-07-17 03:52:40,33.5959,56.9244,95.59,20,60,1.5
391,Marzuq,YE,2021-07-17 03:52:40,14.4,46.4667,79.21,36,100,7.94
392,Brunico,IT,2021-07-17 03:52:40,46.7958,11.9364,61.07,96,99,3.96
393,Yarmouth,US,2021-07-17 03:52:41,41.7057,-70.2286,75.65,96,90,5.01
394,Flinders,AU,2021-07-17 03:52:41,-34.5833,150.8552,57.2,52,39,17.0
395,Funadhoo,MV,2021-07-17 03:52:41,6.15,73.2667,81.32,80,84,11.41
396,Tura,IN,2021-07-17 03:52:41,25.5198,90.2201,75.07,96,100,5.1
397,Marsa Matruh,EG,2021-07-17 03:52:42,31.3525,27.2453,79.0,83,40,6.91
398,Stokmarknes,NO,2021-07-17 03:52:42,68.5646,14.9108,55.49,95,100,5.14
399,Rocha,UY,2021-07-17 03:52:42,-34.4833,-54.3333,42.94,90,49,5.99
400,Grand-Santi,GF,2021-07-17 03:52:43,4.25,-54.3833,71.78,99,72,2.1
401,Barra Patuca,HN,2021-07-17 03:52:43,15.8,-84.2833,78.93,82,4,7.34
402,Sabang,ID,2021-07-17 03:52:43,5.8933,95.3214,81.41,75,28,4.59
403,Wanning,CN,2021-07-17 03:52:44,18.8003,110.3967,90.7,59,68,5.59
404,Challapata,BO,2021-07-17 03:52:44,-18.9,-66.7667,38.7,24,0,3.58
405,Awjilah,LY,2021-07-17 03:52:44,29.1081,21.2869,76.93,52,1,7.83
406,Sassandra,CI,2021-07-17 03:52:44,4.95,-6.0833,74.91,89,100,9.24
407,Bangassou,CF,2021-07-17 03:52:45,4.7413,22.8184,67.68,99,97,2.51
408,Parthenay,FR,2021-07-17 03:52:45,46.6667,-0.4167,56.05,95,0,7.87
409,Padang,ID,2021-07-17 03:52:45,-0.9492,100.3543,86.05,53,73,3.6
410,High Rock,BS,2021-07-17 03:52:46,26.6208,-78.2833,77.02,71,7,12.71
411,Faanui,PF,2021-07-17 03:52:46,-16.4833,-151.75,79.93,69,56,21.74
412,Port Lincoln,AU,2021-07-17 03:52:47,-34.7333,135.8667,54.39,59,91,17.65
413,Yei,SS,2021-07-17 03:52:47,4.095,30.6779,65.79,95,100,3.4
414,Chadiza,ZM,2021-07-17 03:52:47,-14.0678,32.4392,49.53,93,17,6.17
415,Lata,PT,2021-07-17 03:52:48,40.1629,-8.3327,63.81,56,0,1.07
416,La Pila,MX,2021-07-17 03:52:48,22.05,-100.8667,62.33,89,100,6.02
417,Havre-Saint-Pierre,CA,2021-07-17 03:52:48,50.2334,-63.5986,57.56,94,1,10.36
418,Mantua,IT,2021-07-17 03:52:49,45.1667,10.7833,69.69,88,100,5.99
419,Vilyuysk,RU,2021-07-17 03:52:49,63.7553,121.6247,79.14,35,78,9.8
420,Clermont,FR,2021-07-17 03:52:49,49.5,2.4167,57.15,97,1,7.65
421,Stribro,CZ,2021-07-17 03:52:50,49.7529,13.0041,66.7,97,41,2.89
422,College,US,2021-07-17 03:52:50,64.8569,-147.8028,81.0,44,40,6.91
423,Kongolo,CD,2021-07-17 03:52:50,-5.3833,27.0,69.24,45,86,4.56
424,Salamiyah,SY,2021-07-17 03:52:51,35.0113,37.0532,77.18,63,0,8.5
425,Port Augusta,AU,2021-07-17 03:52:51,-32.5,137.7667,59.14,38,7,16.73
426,Touros,BR,2021-07-17 03:52:51,-5.1989,-35.4608,74.3,90,3,8.12
427,Naron,ES,2021-07-17 03:52:52,43.5167,-8.1528,66.6,83,2,7.18
428,Altay,CN,2021-07-17 03:52:52,47.8667,88.1167,71.55,51,100,7.14
429,Bojnurd,IR,2021-07-17 03:52:52,37.4747,57.329,69.75,68,0,6.91
430,Ostersund,SE,2021-07-17 03:52:52,63.1792,14.6357,54.05,94,40,0.0
431,Burnie,AU,2021-07-17 03:52:53,-41.0667,145.9167,54.66,77,91,7.45
432,Belaya Gora,RU,2021-07-17 03:52:53,68.5333,146.4167,73.92,31,74,10.56
433,Henties Bay,NA,2021-07-17 03:52:53,-22.116,14.2845,62.85,55,2,1.1
434,Ilaya,PH,2021-07-17 03:52:54,5.8153,125.2267,82.45,73,74,7.07
435,York,US,2021-07-17 03:49:00,40.1254,-77.0,80.44,84,75,9.22
436,Gayny,RU,2021-07-17 03:52:55,60.3071,54.3241,65.7,83,62,1.59
437,Portobelo,PA,2021-07-17 03:52:55,9.55,-79.65,79.86,88,99,8.08
438,Cabo San Lucas,MX,2021-07-17 03:52:16,22.8909,-109.9124,87.62,66,21,9.26
439,Atasu,KZ,2021-07-17 03:52:56,48.6814,71.6433,76.12,28,56,7.58
440,Coihaique,CL,2021-07-17 03:52:56,-45.5752,-72.0662,37.35,81,75,3.44
441,Cavalcante,BR,2021-07-17 03:52:56,-13.7975,-47.4583,67.62,47,0,1.79
442,Teknaf,BD,2021-07-17 03:52:57,20.8624,92.3058,85.14,74,94,4.03
443,Kirchberg,DE,2021-07-17 03:52:57,50.6167,12.5333,66.76,97,100,4.61
444,King City,US,2021-07-17 03:52:57,36.2127,-121.126,83.23,52,0,6.58
445,Ola,RU,2021-07-17 03:52:58,59.5833,151.2833,56.64,94,100,9.73
446,Mission,US,2021-07-17 03:52:58,26.2159,-98.3253,81.99,82,1,3.0
447,Geraldton,AU,2021-07-17 03:52:58,-28.7667,114.6,61.21,82,90,9.22
448,Yingcheng,CN,2021-07-17 03:52:59,30.95,113.55,78.85,70,40,7.63
449,Kindu,CD,2021-07-17 03:52:59,-2.95,25.95,77.0,45,99,2.51
450,San Quintin,MX,2021-07-17 03:52:59,30.4833,-115.95,67.55,87,13,10.74
451,Cayenne,GF,2021-07-17 03:52:59,4.9333,-52.3333,76.08,91,90,0.0
452,Asfi,MA,2021-07-17 03:53:00,32.2994,-9.2372,69.42,85,0,11.07
453,Nhlangano,SZ,2021-07-17 03:53:00,-27.1167,31.2,39.07,94,0,3.98
454,San Jeronimo,PE,2021-07-17 03:53:00,-11.9472,-75.2829,46.44,78,5,1.43
455,Buraydah,SA,2021-07-17 03:53:01,26.326,43.975,90.05,17,100,11.81
456,Tsabong,BW,2021-07-17 03:53:01,-26.0217,22.401,47.14,53,0,9.66
457,Luba,GQ,2021-07-17 03:53:01,3.4568,8.5547,75.09,84,96,7.94
458,Shenandoah,US,2021-07-17 03:53:02,30.4013,-91.0009,77.9,98,94,2.71
459,Samarai,PG,2021-07-17 03:53:02,-10.6167,150.6667,82.18,79,34,13.73
460,Acapulco,MX,2021-07-17 03:53:02,16.8634,-99.8901,79.7,86,72,6.69
461,Mount Gambier,AU,2021-07-17 03:53:03,-37.8333,140.7667,53.51,82,40,23.02
462,La Serena,CL,2021-07-17 03:53:03,-29.9078,-71.2542,49.51,87,0,6.91
463,Shahrud,IR,2021-07-17 03:53:03,36.4182,54.9763,75.96,41,4,11.12
464,Mesetas,CO,2021-07-17 03:53:04,3.3846,-74.0442,70.09,96,100,2.95
465,Baculin,PH,2021-07-17 03:53:04,7.4525,126.5842,86.34,68,100,11.74
466,Northam,GB,2021-07-17 03:53:04,51.0333,-4.2167,65.68,90,0,5.53
467,Westerland,DE,2021-07-17 03:53:05,54.9079,8.3033,62.62,88,0,16.11
468,Iisalmi,FI,2021-07-17 03:53:05,63.5592,27.1907,59.02,66,1,6.42
469,Kholodnyy,RU,2021-07-17 03:53:05,62.7167,147.95,57.79,77,100,9.06
470,Tres Arroyos,AR,2021-07-17 03:53:06,-38.3739,-60.2798,42.93,81,78,15.86
471,Bandarbeyla,SO,2021-07-17 03:53:06,9.4942,50.8122,79.18,60,28,35.16
472,Bludenz,AT,2021-07-17 03:53:06,47.1497,9.8167,61.47,97,87,1.01
473,Sonkovo,RU,2021-07-17 03:53:06,57.7782,37.1571,69.19,79,43,6.73
474,Wattegama,LK,2021-07-17 03:53:07,6.7989,81.4808,83.32,59,95,1.41
475,Cabedelo,BR,2021-07-17 03:53:07,-6.9811,-34.8339,74.07,88,5,8.1
476,Nyaunglebin,MM,2021-07-17 03:53:07,17.95,96.7333,85.21,72,26,3.33
477,Kaohsiung,TW,2021-07-17 03:49:28,22.6163,120.3133,89.69,67,75,5.01
478,Phalodi,IN,2021-07-17 03:53:08,27.1333,72.3667,94.35,49,75,10.13
479,Cagsiay,PH,2021-07-17 03:53:08,14.2167,121.75,86.95,67,100,4.14
480,Pishin,PK,2021-07-17 03:53:08,30.5803,66.9961,83.44,43,9,2.91
481,Kibangay,PH,2021-07-17 03:53:09,8.0497,124.8931,73.69,80,98,2.62
482,Doctor Cecilio Baez,PY,2021-07-17 03:53:09,-25.05,-56.3167,53.76,82,3,2.06
483,Kaduna,NG,2021-07-17 03:53:09,10.5222,7.4383,69.4,95,99,7.7
484,Tamalin,MX,2021-07-17 03:53:10,21.35,-97.8,75.29,96,100,3.67
485,Kamenka,RU,2021-07-17 03:53:10,51.3223,42.7678,70.77,78,94,6.44
486,Nola,IT,2021-07-17 03:52:35,40.922,14.5329,71.46,94,3,1.41
487,Maumere,ID,2021-07-17 03:53:10,-8.6199,122.2111,82.99,57,93,3.53
488,Ngaoundere,CM,2021-07-17 03:53:11,7.3167,13.5833,62.69,97,100,2.3
489,Sechura,PE,2021-07-17 03:53:11,-5.5569,-80.8222,66.2,78,65,12.59
490,Tateyama,JP,2021-07-17 03:53:11,34.9833,139.8667,86.05,73,7,7.05
491,Pochutla,MX,2021-07-17 03:53:12,15.7432,-96.4661,76.82,89,78,4.45
492,Ketchikan,US,2021-07-17 03:53:12,55.3422,-131.6461,53.76,97,100,0.78
493,Pasighat,IN,2021-07-17 03:53:12,28.0667,95.3333,80.17,90,100,0.56
494,Grants,US,2021-07-17 03:48:48,35.1473,-107.8514,71.83,53,90,9.22
495,Xining,CN,2021-07-17 03:53:13,36.6167,101.7667,76.19,43,4,3.74
496,Parrita,CR,2021-07-17 03:53:13,9.5201,-84.3225,82.17,84,98,3.38
497,Camacha,PT,2021-07-17 03:53:13,33.0833,-16.3333,63.82,82,75,9.22
498,Jining,CN,2021-07-17 03:53:14,35.405,116.5814,78.01,1,100,12.8
499,Strelka,RU,2021-07-17 03:53:14,58.0728,93.0344,62.02,94,100,3.0
500,Zhigansk,RU,2021-07-17 03:53:14,66.7697,123.3711,57.25,84,93,16.13
501,Constitucion,CL,2021-07-17 03:53:14,-35.3333,-72.4167,46.0,69,0,12.41
502,Iroquois Falls,CA,2021-07-17 03:53:15,48.7669,-80.6831,62.74,65,71,5.19
503,Cuamba,MZ,2021-07-17 03:53:15,-14.8031,36.5372,52.32,94,7,5.32
504,Pryyutivka,UA,2021-07-17 03:53:15,48.7209,33.0708,72.91,79,13,6.17
505,Miri,MY,2021-07-17 03:53:16,4.4148,114.0089,87.94,70,40,4.61
506,Severodvinsk,RU,2021-07-17 03:53:16,64.5635,39.8302,62.71,70,75,5.23
507,Shache,CN,2021-07-17 03:53:16,38.4167,77.2406,89.11,23,0,11.88
508,Vangaindrano,MG,2021-07-17 03:53:17,-23.35,47.6,67.44,81,82,3.8
509,Lubsko,PL,2021-07-17 03:53:17,51.7847,14.972,70.88,96,100,6.22
510,Kaeo,NZ,2021-07-17 03:53:17,-35.1,173.7833,63.32,96,100,17.96
511,Leua,SK,2021-07-17 03:53:18,48.2156,18.6071,68.11,84,100,4.97
512,Dinghai,CN,2021-07-17 03:53:18,26.2847,119.7936,88.72,80,100,8.39
513,Saraland,US,2021-07-17 03:53:18,30.8207,-88.0706,77.23,93,88,3.69
514,Abu Samrah,SY,2021-07-17 03:53:19,35.3029,37.1841,78.62,56,0,7.87
515,Kodiak,US,2021-07-17 03:53:19,57.79,-152.4072,62.55,74,84,0.67
516,Bantou,CN,2021-07-17 03:53:19,26.2151,117.4893,87.04,71,100,2.46
517,Lewistown,US,2021-07-17 03:53:20,40.5992,-77.5714,73.18,94,1,0.0
518,Mujiayingzi,CN,2021-07-17 03:53:20,42.1167,118.7833,82.9,58,82,12.41
519,Ilulissat,GL,2021-07-17 03:53:20,69.2167,-51.1,43.11,66,73,8.55
520,Roald,NO,2021-07-17 03:53:21,62.5833,6.1333,63.1,82,90,23.02
521,Varkaus,FI,2021-07-17 03:53:21,62.3153,27.873,64.31,55,0,4.16
522,Kavaratti,IN,2021-07-17 03:53:21,10.5669,72.642,82.6,77,99,16.04
523,Hajnowka,PL,2021-07-17 03:53:21,52.7433,23.5812,72.79,87,27,3.69
524,Pandan,PH,2021-07-17 03:53:22,14.0453,124.1694,87.76,65,100,4.5
525,Talakan,RU,2021-07-17 03:53:22,50.3167,130.3667,81.93,40,34,10.38
526,Novorzhev,RU,2021-07-17 03:53:22,57.0294,29.3338,67.93,95,5,2.26
527,Ilhabela,BR,2021-07-17 03:53:23,-23.7781,-45.3581,66.49,90,93,2.77
528,Yanzhou,CN,2021-07-17 03:53:23,35.5528,116.8286,77.86,83,100,12.91
529,Avera,US,2021-07-17 03:53:23,33.194,-82.5271,76.51,67,90,4.56
530,Hirara,JP,2021-07-17 03:53:24,24.8,125.2833,89.46,74,75,13.8
531,Marrakesh,MA,2021-07-17 03:53:24,31.6315,-8.0083,77.07,53,0,2.3
532,Rostusa,MK,2021-07-17 03:53:24,41.61,20.6,60.48,74,14,1.39
533,Ercis,TR,2021-07-17 03:53:25,39.0287,43.3586,69.69,40,8,4.45
534,Mareeba,AU,2021-07-17 03:53:25,-17.0,145.4333,91.33,54,35,7.29
535,Nenjiang,CN,2021-07-17 03:53:25,49.1833,125.2167,81.27,62,100,6.62
536,Lasa,IT,2021-07-17 03:53:26,46.6166,10.7002,63.48,96,100,7.67
537,Lillooet,CA,2021-07-17 03:53:26,50.6856,-121.942,79.52,66,42,6.58
538,Isetskoye,RU,2021-07-17 03:53:26,56.4858,65.3226,66.92,48,90,2.06
539,Bertoua,CM,2021-07-17 03:53:26,4.5833,13.6833,65.66,99,100,4.05
540,Orasac,BA,2021-07-17 03:53:27,44.6289,16.0711,62.44,99,100,2.95
541,Sudzha,RU,2021-07-17 03:53:27,51.1976,35.2726,70.2,79,3,4.38
542,Moree,AU,2021-07-17 03:53:27,-29.4667,149.85,59.02,47,40,21.85
543,Severo-Kurilsk,RU,2021-07-17 03:53:28,50.6789,156.125,58.28,80,100,5.84
544,Mbaiki,CF,2021-07-17 03:53:28,3.8678,17.9892,71.46,89,100,1.14
545,Kununurra,AU,2021-07-17 03:53:28,-15.7667,128.7333,84.18,17,72,12.66
546,Mafinga,TZ,2021-07-17 03:53:29,-7.25,35.0667,57.81,57,9,4.16
547,Laguna,US,2021-07-17 03:53:29,38.421,-121.4238,87.62,47,0,8.68
548,Coquimbo,CL,2021-07-17 03:53:16,-29.9533,-71.3436,49.73,87,0,6.91
549,Podyuga,RU,2021-07-17 03:53:29,61.095,40.8647,67.26,81,36,7.11
550,Grindavik,IS,2021-07-17 03:53:30,63.8424,-22.4338,49.95,100,90,10.36
551,Mogadishu,SO,2021-07-17 03:53:30,2.0371,45.3438,77.0,78,85,20.65
552,Onguday,RU,2021-07-17 03:53:30,50.75,86.15,69.1,49,34,7.96
553,Vao,NC,2021-07-17 03:53:31,-22.6667,167.4833,73.72,88,2,6.38
554,Moissala,TD,2021-07-17 03:53:31,8.3404,17.7663,69.73,96,100,3.22
555,Awbari,LY,2021-07-17 03:53:31,26.5921,12.7805,85.32,21,2,4.83
556,Sao Francisco,BR,2021-07-17 03:53:32,-15.9486,-44.8644,66.69,45,0,1.61
557,Outram,MY,2021-07-17 03:53:32,1.2829,103.8379,87.93,70,75,6.91
558,Saint Anthony,US,2021-07-17 03:53:32,45.0205,-93.218,73.33,70,1,0.0
559,Ascension,US,2021-07-17 03:53:32,30.2169,-90.9001,78.03,97,1,0.0
560,Nakonde,ZM,2021-07-17 03:53:33,-9.3421,32.745,49.15,91,4,8.32
561,Kenai,US,2021-07-17 03:53:33,60.5544,-151.2583,75.02,68,1,9.22
562,Waitara,NZ,2021-07-17 03:53:33,-38.925,174.25,60.71,86,89,26.06
563,Delcevo,MK,2021-07-17 03:49:32,41.9672,22.7694,63.34,80,1,3.18
564,Dajal,PK,2021-07-17 03:53:34,29.5577,70.3762,104.16,33,16,3.67
565,Liling,CN,2021-07-17 03:53:34,27.6667,113.5,89.49,43,91,2.26
566,Douala,CM,2021-07-17 03:53:34,4.0483,9.7043,75.11,100,75,4.61
567,Wewak,PG,2021-07-17 03:53:35,-3.5534,143.6268,85.51,70,100,6.29
568,Benidorm,ES,2021-07-17 03:53:35,38.5382,-0.131,74.59,74,0,2.62
569,Mezen,RU,2021-07-17 03:53:35,65.8522,44.24,54.3,89,90,7.67
570,Noyabrsk,RU,2021-07-17 03:53:36,63.1994,75.4507,51.57,95,100,3.6
571,Bahia Honda,CU,2021-07-17 03:53:36,22.9036,-83.1592,77.81,83,24,7.45
572,Matay,EG,2021-07-17 03:53:36,28.419,30.7792,82.83,36,2,7.9
573,Yining,CN,2021-07-17 03:53:37,29.0361,114.5636,83.8,83,100,3.96
574,Aykhal,RU,2021-07-17 03:53:37,66.0,111.5,67.17,68,100,10.89
575,Rehoboth,NA,2021-07-17 03:53:37,-23.3167,17.0833,43.38,52,0,2.13
